{
	"win": {
		"w": { "avg moves": 222.5220125786164, "count": 318 },
		"b": { "avg moves": 215.75477707006368, "count": 314 }
	},
	"draw": 468
}
