{
	"win": {
		"w": { "avg moves": 223.122665179816, "count": 3587 },
		"b": { "avg moves": 219.6189272676214, "count": 3561 }
	},
	"draw": 5017
}
