{"win": {"w": {"avg moves": 189.83333333333334, "count": 2742}, "b": {"avg moves": 262.1443298969072, "count": 194}}, "draw": 1084}